Line,KM,Station abbreviation,Stop name,Didok number,OPUIC
920,13.543,CH,Chur,9000,8509000
900,5.663,BRAG,Bad Ragaz,9004,8509004
900,25.767,CH,Chur,9000,8509000
900,12.398,LQ,Landquart,9002,8509002
900,7.755,MF,Maienfeld,9003,8509003
890,0.365,SA,Sargans,9411,8509411
890,17.851,UNT,Unterterzen,9416,8509416
890,13.654,WAL,Walenstadt,9414,8509414
890,33.533,ZB,Ziegelbrucke,3225,8503225
890,24.721,MH,Muhlehorn,9418,8509418
882,18.476,BU,Buchs SG,9404,8509404
880,41.335,ALT,Altstatten SG,6319,8506319
880,15.881,BU,Buchs SG,9404,8509404
880,68.063,GOL,Goldach,6305,8506305
880,47.91,HEBG,Heerbrugg,6317,8506317
880,35.2,ORT,Oberriet SG,9400,8509400
880,44.233,REB,Rebstein-Marbach,6318,8506318
880,57.805,RCK,Rheineck,6313,8506313
880,64.98,RS,Rorschach,6311,8506311
880,24.679,SAS,Salez-Sennwald,9402,8509402
880,0.196,SA,Sargans,9411,8509411
880,10.87,SEV,Sevelen,9406,8509406
880,80.482,SG,St. Gallen,6302,8506302
880,53.819,SMG,St. Margrethen SG,6314,8506314
880,50.983,AUSG,Au SG,6316,8506316
880,30.293,RTH,Ruthi SG,9401,8509401
880,66.261,RSST,Rorschach Stadt,6322,8506322
853,6.946,BAZ,Bazenheid,6205,8506205
853,12.906,BUET,Butschwil,6203,8506203
853,14.703,DTF,Dietfurt,6202,8506202
853,34.328,UZ,Uznach,3116,8503116
853,31.013,KAB,Kaltbrunn,3117,8503117
853,10.006,LUET,Lutisburg,6204,8506204
852,0.065,SLG,Sulgen,6217,8506217
852,10.016,BZS,Bischofszell Stadt,6213,8506213
852,8.143,SIT,Sitterdorf,6214,8506214
852,14.37,HPT,Hauptwil,6212,8506212
850,122.924,AD,Aadorf,6013,8506013
850,126.074,EL,Elgg,6014,8506014
850,90.258,GSS,Gossau SG,6210,8506210
850,130.628,SCHK,Schottikon,6035,8506035
850,113.7,SIR,Sirnach,6010,8506010
850,80.552,SG,St. Gallen,6302,8506302
850,86.481,SGWI,St. Gallen Winkeln,6300,8506300
850,101.075,UZW,Uzwil,6208,8506208
850,110.372,WIL,Wil SG,6206,8506206
850,135.37,WGR,Winterthur Gruze,6001,8506001
850,133.802,WHE,Winterthur Hegi,16218,8516218
850,95.608,FLA,Flawil,6209,8506209
850,131.877,RAET,Raterschen,6015,8506015
850,83.972,SGBR,St. Gallen Bruggen,6301,8506301
850,117.431,ESL,Eschlikon TG,6011,8506011
843,42.091,FF,Frauenfeld,6100,8506100
840,75.346,AW,Amriswil,6109,8506109
840,46.343,FEL,Felben-Wellhausen,6101,8506101
840,41.928,FF,Frauenfeld,6100,8506100
840,48.725,HM,Huttlingen-Mettendorf,6102,8506102
840,37.942,ISL,Islikon,6019,8506019
840,55.592,MAER,Marstetten,6104,8506104
840,29.731,OWT,Oberwinterthur,6016,8506016
840,82.132,RH,Romanshorn,6121,8506121
840,66.189,SLG,Sulgen,6217,8506217
840,59.48,WF,Weinfelden,6105,8506105
840,33.466,RIK,Rickenbach-Attikon,6018,8506018
840,31.782,WD,Wiesendangen,6017,8506017
840,63.162,BGL,Burglen TG,6106,8506106
840,69.719,ERL,Erlen,6107,8506107
831,24.331,KHF,Kehlhof,6193,8506193
831,33.501,LENG,Lengwil,6196,8506196
831,38.663,TAEM,Tagerwilen Dorf,6198,8506198
831,36.361,KRB,Kreuzlingen Bernrain,6197,8506197
831,19.182,WF,Weinfelden,6105,8506105
831,27.299,BERG,Berg,6194,8506194
831,30.825,SHAU,Siegershausen,6195,8506195
830,5.448,BTW,Bettwiesen,6182,8506182
830,16.346,BNG,Bussnang,6190,8506190
830,11.143,MAE,Marwil,6184,8506184
830,8.257,TOA,Tobel-Affeltrangen,6183,8506183
830,18.877,WF,Weinfelden,6105,8506105
830,0.042,WIL,Wil SG,6206,8506206
825,93.519,HN,Horn,6307,8506307
825,97.232,RS,Rorschach,6311,8506311
825,96.429,RSHF,Rorschach Hafen,6306,8506306
825,90.228,ARB,Arbon,6308,8506308
824,92.828,ALN,Altnau,6125,8506125
824,98.879,KURZ,Kurzrickenbach Seepark,6119,8506119
824,94.613,LDS,Landschlacht,88122,8588122
824,82.152,RH,Romanshorn,6121,8506121
824,97.547,BOT,Bottighofen,6127,8506127
824,88.1,KWL,Kesswil,6123,8506123
824,100.056,KRH,Kreuzlingen Hafen,6128,8506128
824,90.405,GUET,Guttingen,6124,8506124
824,96.146,MSCH,Munsterlingen-Scherzingen,6126,8506126
824,86.16,UTW,Uttwil,6122,8506122
823,60.73,KR,Kreuzlingen,6131,8506131
823,61.764,KRH,Kreuzlingen Hafen,6128,8506128
822,51.333,MANN,Mannenbach-Salenstein,6134,8506134
822,60.665,KR,Kreuzlingen,6131,8506131
822,39.832,MAM,Mammern,6137,8506137
822,45.609,STK,Steckborn,6136,8506136
822,34.814,STR,Stein am Rhein,6139,8506139
822,57.831,TAEG,Tagerwilen-Gottlieben,6132,8506132
822,53.982,ERM,Ermatingen,6133,8506133
822,36.95,EZ,Eschenz,6138,8506138
822,56.003,TRIB,Triboltingen,6118,8506118
821,6.354,REUT,Reutlingen,6036,8506036
821,7.47,SEU,Seuzach,6020,8506020
821,26.993,STM,Stammheim,6024,8506024
821,9.856,DIH,Dinhard,6021,8506021
821,11.744,TLH,Thalheim-Altikon,6022,8506022
821,4.584,WWAL,Winterthur Wallruti,6038,8506038
820,38.214,DSH,Diessenhofen,3428,8503428
820,48.66,SH,Schaffhausen,3424,8503424
820,35.561,SCHN,Schlattingen,3429,8503429
820,46.873,FT,Feuerthalen,3425,8503425
820,39.769,STKT,St. Katharinental,6148,8506148
820,45.362,LAN,Langwiesen,3426,8503426
820,43.265,SCHT,Schlatt TG,3427,8503427
770,16.429,BUE,Bulach,3400,8503400
770,22.349,EGL,Eglisau,3402,8503402
770,19.395,GF,Glattfelden,3401,8503401
770,23.789,HUEW,Huntwangen-Wil,3403,8503403
770,34.417,JE,Jestetten,3421,8503421
770,40.082,NH,Neuhausen,3423,8503423
770,30.055,LOT,Lottstetten,3420,8503420
770,38.995,NHRH,Neuhausen Rheinfall,18924,8518924
770,27.077,RZ,Rafz,3404,8503404
769,16.179,BUE,Bulach,3400,8503400
764,364.538,SH,Schaffhausen,3424,8503424
763,364.266,SH,Schaffhausen,3424,8503424
762,39.064,AN,Andelfingen,6047,8506047
762,51.313,DA,Dachsen,6049,8506049
762,35.127,HGT,Henggart,6046,8506046
762,32.623,HET,Hettlingen,6045,8506045
762,46.048,MTL,Marthalen,6048,8506048
762,56.185,SH,Schaffhausen,3424,8503424
762,52.39,SLF,Schloss Laufen am Rheinfall,6039,8506039
762,53.966,NH,Neuhausen,3423,8503423
761,17.209,DI,Dielsdorf,3315,8503315
761,25.318,NW,Niederweningen,3319,8503319
761,13.209,OGL,Oberglatt ZH,3312,8503312
761,21.573,SCHO,Schofflisdorf-Oberweningen,3317,8503317
761,18.9,STMR,Steinmaur,3316,8503316
761,15.125,NIE,Niederhasli,3314,8503314
761,24.238,NWD,Niederweningen Dorf,3318,8503318
760,20.088,BUE,Bulach,3400,8503400
760,15.155,NG,Niederglatt ZH,3313,8503313
760,13.041,OGL,Oberglatt ZH,3312,8503312
760,10.38,RUEM,Rumlang,3311,8503311
760,0.356,ZHDB,Zurich Hardbrucke,3020,8503020
760,4.644,ZOER,Zurich Oerlikon,3006,8503006
760,7.15,GLB,Glattbrugg,3310,8503310
757,11.321,KL,Kloten,3308,8503308
754,32.468,FI,Fischenthal,3136,8503136
754,8.576,KOL,Kollbrunn,6004,8506004
754,11.434,RN,Rikon,6005,8506005
754,7.299,SKY,Sennhof-Kyburg,6003,8506003
754,44.568,TD,Tann-Durnten,3139,8503139
754,18.03,WILA,Wila,6008,8506008
754,4.525,WSEE,Winterthur Seen,6002,8506002
754,21.301,SD,Saland,6009,8506009
754,29.767,STG,Steg,3135,8503135
754,39.69,WL,Wald ZH,3138,8503138
754,2.578,WGR,Winterthur Gruze,6001,8506001
754,25.117,BMA,Bauma,3134,8503134
754,34.725,GIB,Gibswil,3137,8503137
754,15.842,TU,Turbenthal,6007,8506007
753,0.063,EF,Effretikon,3305,8503305
753,7.946,FET,Fehraltorf,3302,8503302
753,4.432,IL,Illnau,3303,8503303
753,15.869,KN,Kempten,3300,8503300
753,18.022,WZ,Wetzikon ZH,3123,8503123
753,11.279,PFZ,Pfaffikon ZH,3301,8503301
752,14.914,BSD,Bassersdorf,3307,8503307
752,9.969,KL,Kloten,3308,8503308
752,8.88,KLB,Kloten Balsberg,3309,8503309
752,7.179,OP,Opfikon,3340,8503340
751,11.189,DTL,Dietlikon,3306,8503306
751,16.719,EF,Effretikon,3305,8503305
751,20.61,KE,Kemptthal,3304,8503304
751,8.356,WS,Wallisellen,3129,8503129
751,26.088,W,Winterthur,6000,8506000
751,4.815,ZOER,Zurich Oerlikon,3006,8503006
751,2.226,ZWIP,Zurich Wipkingen,3015,8503015
750,7.164,OP,Opfikon,3340,8503340
750,9.468,ZFH,Zurich Flughafen,3016,8503016
748,200.671,ZLOE,Zurich HB Lowenstrasse,16144,8516144
748,206.643,ZOER,Zurich Oerlikon,3006,8503006
745,106.995,STET,Stettbach,3147,8503147
745,99.977,ZMUS,Zurich HB Museumstrasse,15163,8515163
745,101.632,ZSTH,Zurich Stadelhofen,3003,8503003
742,14.021,HI,Hinwil,3130,8503130
742,25.186,BMA,Bauma,3134,8503134
740,77.397,AAT,Aathal,3124,8503124
740,68.463,BUB,Bubikon,3122,8503122
740,90.444,DUE,Dubendorf,3128,8503128
740,61.114,JO,Jona,3120,8503120
740,84.763,NAEN,Nanikon-Greifensee,3126,8503126
740,59.423,RW,Rapperswil SG,3110,8503110
740,65.978,RUE,Ruti ZH,3121,8503121
740,87.445,SCWE,Schwerzenbach ZH,3127,8503127
740,81.377,UST,Uster,3125,8503125
740,74.642,WZ,Wetzikon ZH,3123,8503123
736,77.187,LGB,Leuggelbach,3235,8503235
736,84.565,LIN,Linthal,3239,8503239
736,72.228,MIT,Mitlodi,3232,8503232
736,61.618,NAEF,Nafels-Mollis,3227,8503227
736,81.312,DSB,Diesbach-Betschwanden,3237,8503237
736,69.45,EDA,Ennenda,3231,8503231
736,68.544,GL,Glarus,3230,8503230
736,78.644,LU,Luchsingen-Hatzingen,3236,8503236
736,65.669,NET,Netstal,3228,8503228
736,58.956,NOU,Nieder- und Oberurnen,3226,8503226
736,73.773,SCHD,Schwanden GL,3233,8503233
736,75.881,NID,Nidfurn-Haslen,3234,8503234
735,43.296,BNK,Benken SG,3118,8503118
735,49.266,SCME,Schmerikon,3115,8503115
735,37.067,SCAE,Schanis,3119,8503119
735,46.577,UZ,Uznach,3116,8503116
730,13.661,ERLB,Erlenbach ZH,3102,8503102
730,31.2,FB,Feldbach,3109,8503109
730,16.557,HERL,Herrliberg-Feldmeilen,3103,8503103
730,33.881,KPT,Kempraten,3112,8503112
730,10.935,KGO,Kusnacht Goldbach,3141,8503141
730,11.556,KUES,Kusnacht ZH,3101,8503101
730,23.642,MAEN,Mannedorf,3106,8503106
730,26.39,STAE,Stafa,3107,8503107
730,29.048,UER,Uerikon,3108,8503108
730,22.514,UET,Uetikon,3105,8503105
730,9.655,ZK,Zollikon,3100,8503100
730,5.743,ZSTH,Zurich Stadelhofen,3003,8503003
730,7.906,ZTB,Zurich Tiefenbrunnen,3004,8503004
730,19.393,ML,Meilen,3104,8503104
730,35.9,RW,Rapperswil SG,3110,8503110
730,14.499,WIN,Winkel am Zurichsee,3111,8503111
721,12.247,TW,Thalwil,3202,8503202
720,37.061,ALTD,Altendorf,3211,8503211
720,20.519,AU,Au ZH,3205,8503205
720,54.344,BIL,Bilten,3224,8503224
720,29.4,BAE,Bach SZ,3208,8503208
720,31.515,FRB,Freienbach SBB,3210,8503210
720,16.805,HG,Horgen,3204,8503204
720,8.589,KIL,Kilchberg ZH,3200,8503200
720,39.463,LA,Lachen SZ,3220,8503220
720,14.138,ORD,Oberrieden,3203,8503203
720,33.612,PF,Pfaffikon SZ,3209,8503209
720,50.049,RG,Reichenburg,3223,8503223
720,27.283,RI,Richterswil,3207,8503207
720,10.775,RUES,Ruschlikon,3201,8503201
720,46.488,SCBU,Schubelbach-Buttikon,3222,8503222
720,57.004,ZB,Ziegelbrucke,3225,8503225
720,4.088,ZEN,Zurich Enge,3010,8503010
720,2.813,ZWIE,Zurich Wiedikon,3011,8503011
720,5.668,ZWOL,Zurich Wollishofen,3009,8503009
720,43.425,SIB,Siebnen-Wangen,3221,8503221
720,12.136,TW,Thalwil,3202,8503202
720,23.988,WAE,Wadenswil,3206,8503206
717,1.069,ZWIE,Zurich Wiedikon,3011,8503011
716,2.085,ZHDB,Zurich Hardbrucke,3020,8503020
711,24.914,AF,Affoltern am Albis,2224,8502224
711,12.519,BIR,Birmensdorf ZH,2221,8502221
711,17.9,BON,Bonstetten-Wettswil,2222,8502222
711,22.135,HED,Hedingen,2223,8502223
711,31.622,KNO,Knonau,2226,8502226
711,34.757,STE,Steinhausen,2227,8502227
711,35.537,STRI,Steinhausen Rigiblick,18459,8518459
711,8.634,URD,Urdorf,2220,8502220
711,9.686,URDW,Urdorf Weihermatt,2229,8502229
711,3.97,ZAS,Zurich Altstetten,3001,8503001
711,1.954,ZHDB,Zurich Hardbrucke,3020,8503020
711,28.981,MTM,Mettmenstetten,2225,8502225
710,22.527,BD,Baden,3504,8503504
710,31.152,BG,Brugg AG,309,8500309
710,11.113,DT,Dietikon,3508,8503508
710,9.49,GLZB,Glanzenberg,3512,8503512
710,16.048,KLW,Killwangen-Spreitenbach,3506,8503506
710,18.705,NHOF,Neuenhof,3511,8503511
710,7.555,SCHL,Schlieren,3509,8503509
710,27.57,TG,Turgi,3503,8503503
710,4.124,ZAS,Zurich Altstetten,3001,8503001
710,1.961,ZHDB,Zurich Hardbrucke,3020,8503020
710,20.466,WE,Wettingen,3505,8503505
709,3.996,ZAS,Zurich Altstetten,3001,8503001
708,4.223,ZAS,Zurich Altstetten,3001,8503001
708,5.705,ZMUE,Zurich Mulligen,3039,8503039
705,33.661,OF,Otelfingen,3528,8503528
704,39.065,WUER,Wurenlos,3529,8503529
703,32.795,BUD,Buchs-Dallikon,3527,8503527
703,36.491,OF,Otelfingen,3528,8503528
703,35.45,OFR,Otelfingen Golfpark,3525,8503525
703,29.687,REG,Regensdorf-Watt,3526,8503526
703,42.951,WE,Wettingen,3505,8503505
703,39.065,WUER,Wurenlos,3529,8503529
703,26.091,ZAF,Zurich Affoltern,3008,8503008
703,23.467,ZSEB,Zurich Seebach,3007,8503007
702,37.327,DOE,Dottingen,3501,8503501
702,38.322,KLI,Klingnau,16176,8516176
702,30.99,SIG,Siggenthal-Wurenlingen,3502,8503502
702,41.1,KB,Koblenz,329,8500329
702,27.52,TG,Turgi,3503,8503503
701,22.349,EGL,Eglisau,3402,8503402
701,48.391,KB,Koblenz,329,8500329
701,65.505,LFG,Laufenburg,322,8500322
701,36.214,MELN,Mellikon,3414,8503414
701,41.351,ZZ,Bad Zurzach,3409,8503409
700,51.707,FCK,Frick,305,8500305
700,68.378,MOE,Mohlin,302,8500302
700,78.357,PRSR,Pratteln Salina Raurica,17131,8517131
700,71.666,RF,Rheinfelden,301,8500301
700,58.828,STS,Stein-Sackingen,320,8500320
700,31.289,BG,Brugg AG,309,8500309
700,77.077,KAU,Kaiseraugst,300,8500300
700,61.786,MPF,Mumpf,303,8500303
700,73.519,RFAU,Rheinfelden Augarten,313,8500313
700,55.347,EI,Eiken,304,8500304
695,13.878,RBL,Zurich RB Limmattal,3507,8503507
692,14.445,RBL,Zurich RB Limmattal,3507,8503507
691,14.526,RBL,Zurich RB Limmattal,3507,8503507
672,4.078,PF,Pfaffikon SZ,3209,8503209
671,0.048,RW,Rapperswil SG,3110,8503110
670,-0.045,WAE,Wadenswil,3206,8503206
666,8.887,GD,Arth-Goldau,5004,8505004
665,15.7,GD,Arth-Goldau,5004,8505004
665,0.044,ZG,Zug,2204,8502204
664,29.073,ZG,Zug,2204,8502204
660,28.229,BAAL,Baar Lindenpark,15993,8515993
660,42.355,CHAA,Cham Alpenblick,15995,8515995
660,14.617,ORDD,Oberrieden Dorf,2209,8502209
660,49.099,RK,Rotkreuz,2202,8502202
660,12.189,TW,Thalwil,3202,8503202
660,28.963,ZG,Zug,2204,8502204
660,39.443,ZGSE,Zug Schutzengel,16187,8516187
660,26.562,BAA,Baar,2206,8502206
660,27.508,BAAN,Baar Neufeld,15992,8515992
660,16.862,HGO,Horgen Oberdorf,2208,8502208
660,44.267,HUZY,Hunenberg Zythus,15996,8515996
660,57.142,BURN,Buchrain,16350,8516350
660,44.892,HUCH,Hunenberg Chamleten,2306,8502306
660,41.274,KMUE,Zug Chollermuli,2230,8502230
660,43.478,CHAM,Cham,2203,8502203
653,77.604,BOS,Boswil-Bunzen,2214,8502214
653,68.991,DOTU,Dottikon Umspannanlage,2239,8502239
653,67.848,DOT,Dottikon-Dintikon,2212,8502212
653,99.311,RK,Rotkreuz,2202,8502202
653,92.75,SINS,Sins,2218,8502218
653,71.728,WO,Wohlen AG,2213,8502213
653,81.416,MI,Muri AG,2215,8502215
653,95.259,OI,Oberruti,2219,8502219
651,32.903,BONI,Boniswil,2032,8502032
651,8.547,ESB,Eschenbach LU,2022,8502022
651,34.458,HD,Hallwil,2031,8502031
651,36.882,SE,Seon,2030,8502030
651,15.963,BLG,Baldegg,2025,8502025
651,15.391,BLGK,Baldegg Kloster,16353,8516353
651,29.589,BWL,Birrwil,2033,8502033
651,13.764,HO,Hochdorf,2024,8502024
651,42.048,LB,Lenzburg,2119,8502119
651,27.261,BW,Beinwil am See,2034,8502034
651,21.825,ESEE,Ermensee,2019,8502019
651,20.86,HIK,Hitzkirch,2027,8502027
651,12.843,HOSA,Hochdorf Schonau,2042,8502042
651,10.956,BLL,Ballwil,2023,8502023
651,24.201,MO,Mosen,2029,8502029
651,5.594,WAB,Waldibrucke,2017,8502017
650,41.413,AA,Aarau,2113,8502113
650,45.852,DK,Daniken SO,2111,8502111
650,31.964,LB,Lenzburg,2119,8502119
650,22.322,MELH,Mellingen Heitersberg,16219,8516219
650,25.992,MAEG,Magenwil,2106,8502106
650,27.895,OTH,Othmarsingen,2105,8502105
650,45.452,WOES,Woschnau SBB,2125,8502125
650,35.681,RU,Rupperswil,2114,8502114
649,41.525,AA,Aarau,2113,8502113
648,31.741,BGS,Brugg AG Sud (Abzw),342,8500342
647,0.015,BG,Brugg AG,309,8500309
647,4.037,LUPF,Lupfig,2237,8502237
647,8.829,OTH,Othmarsingen,2105,8502105
647,5.404,BIRR,Birr,2247,8502247
645,63.211,HU,Hunzenschwil,2104,8502104
645,67.378,SUHR,Suhr,2103,8502103
641,43.477,RU,Rupperswil,2114,8502114
640,31.292,BG,Brugg AG,309,8500309
640,36.251,SBAD,Schinznach Bad,2116,8502116
640,38.782,HOBK,Holderbank AG,2128,8502128
640,40.285,WI,Wildegg,2115,8502115
634,3.475,STAF,Stabio,17519,8517519
630,159.367,CD,Cadenazzo,5404,8505404
630,166.492,GDA,Gordola,5402,8505402
630,157.275,SAN,S. Antonino,5415,8505415
630,164.801,RIAZ,Riazzino,5412,8505412
630,167.66,TEN,Tenero,5401,8505401
605,26.45,SK,Sisikon,5111,8505111
600,86.34,AI,Airolo,5201,8505201
600,35.191,AL,Altdorf UR,5113,8505113
600,8.809,GD,Arth-Goldau,5004,8505004
600,150.966,BEL,Bellinzona,5213,8505213
600,131.847,BIA,Biasca,5209,8505209
600,20.411,BRU,Brunnen,5007,8505007
600,194.664,CAP,Capolago-Riva S. Vitale,5304,8505304
600,206.298,CHI,Chiasso,5307,8505307
600,41.775,ER,Erstfeld,5114,8505114
600,153.927,GIU,Giubiasco,5214,8505214
600,70.44,GOE,Goschenen,5119,8505119
600,176.058,LAM,Lamone-Cadempino,5219,8505219
600,180.543,LG,Lugano,5300,8505300
600,182.9,LGP,Lugano-Paradiso,5301,8505301
600,190.915,MAR,Maroggia-Melano,5303,8505303
600,187.306,MDE,Melide,5302,8505302
600,198.67,MEN,Mendrisio,5305,8505305
600,197.661,MOSM,Mendrisio S. Martino,18475,8518475
600,14.007,STN,Steinen,5005,8505005
600,173.945,TAV,Taverne-Torricella,5218,8505218
600,147.522,CAST,Castione-Arbedo,5212,8505212
600,32.443,FL,Fluelen,5112,8505112
600,17.197,SCHW,Schwyz,5006,8505006
600,165.158,RIB,Rivera-Bironico,5216,8505216
600,26.392,SK,Sisikon,5111,8505111
595,120.729,SSMF,Sedrun SMF,18303,8518303
595,138.948,FSMF,Faido SMF,18304,8518304
594,221.609,SSMF,Sedrun SMF,18303,8518303
594,241.06,FSMF,Faido SMF,18304,8518304
570,16.054,KUE,Kussnacht am Rigi,5002,8505002
570,9.808,MEGZ,Meggen Zentrum,5018,8505018
570,10.663,MEG,Meggen,5001,8505001
540,42.877,DU,Dulliken,2110,8502110
540,45.566,DK,Daniken SO,2111,8502111
540,39.302,OL,Olten,218,8500218
540,50.184,WOES,Woschnau SBB,2125,8502125
529,8.955,SHAL,Schweizerhalle,19,8500019
514,142.203,BS,Basel SBB,10,8500010
511,2.317,BSGB,Basel SBB GB,40,8500040
511,2.522,BSJA,Basel St. Jakob,38,8500038
510,142.051,BS,Basel SBB,10,8500010
504,10.947,KK,Kolliken,2101,8502101
504,9.153,KKO,Kolliken Oberdorf,2122,8502122
504,1.727,KGD,Kungoldingen,2120,8502120
504,6.615,SAF,Safenwil,2100,8502100
504,16.635,SUHR,Suhr,2103,8502103
504,4.812,WAST,Walterswil-Striegel,2121,8502121
504,13.658,OEF,Oberentfelden,2102,8502102
503,39.231,OL,Olten,218,8500218
503,30.774,LF,Laufelfingen,35,8500035
500,0.005,BS,Basel SBB,10,8500010
500,90.19,EBR,Emmenbrucke,2021,8502021
500,23.797,GKD,Gelterkinden,27,8500027
500,19.121,IT,Itingen,25,8500025
500,14.478,LST,Liestal,23,8500023
500,4.785,MU,Muttenz,20,8500020
500,39.012,OL,Olten,218,8500218
500,8.429,PR,Pratteln,21,8500021
500,52.909,REID,Reiden,2003,8502003
500,79.024,SEM,Sempach-Neuenkirch,2009,8502009
500,62.561,WAU,Wauwil,2006,8502006
500,47.617,ZF,Zofingen,2001,8502001
500,12.326,FRE,Frenkendorf-Fullinsdorf,22,8500022
500,16.942,LSN,Lausen,24,8500024
500,21.045,SIS,Sissach,26,8500026
500,69.145,SS,Sursee,2007,8502007
500,28.072,TK,Tecknau,28,8500028
500,50.499,BRIT,Brittnau-Wikon,2002,8502002
500,58.531,NEB,Nebikon,2005,8502005
500,86.925,RBGD,Rothenburg Dorf,2012,8502012
500,73.87,NO,Nottwil,2008,8502008
500,84.91,RBG,Rothenburg,2020,8502020
460,34.077,EMM,Emmenmatt,8206,8508206
460,20.439,KF,Konolfingen,8202,8508202
460,37.488,LN,Langnau i.E.,8207,8508207
460,59.944,SCHH,Schupfheim,8211,8508211
460,30.47,SIGN,Signau,8205,8508205
460,43.284,TSCH,Trubschachen,8208,8508208
460,76.287,WST,Werthenstein,8216,8508216
460,74.393,WH,Wolhusen,8215,8508215
460,24.41,ZAE,Zaziwil,8203,8508203
460,80.168,SCHA,Schachen LU,8217,8508217
460,17.28,TI,Tagertschi,8201,8508201
460,27.35,BOW,Bowil,8204,8508204
460,66.393,ENT,Entlebuch,8213,8508213
460,89.156,LIT,Littau,8219,8508219
460,83.061,MAL,Malters,8218,8508218
460,13.163,WB,Worb SBB,8200,8508200
450,106.053,BN,Bern,7000,8507000
450,102.838,BNWD,Bern Wankdorf,16161,8516161
450,83.339,BDF,Burgdorf,8005,8508005
450,66.567,HB,Herzogenbuchsee,8008,8508008
450,59.039,LTH,Langenthal,8100,8508100
450,76.822,WY,Wynigen,8006,8508006
450,98.979,ZOL,Zollikofen,4410,8504410
450,89.699,HBK,Hindelbank,8003,8508003
450,54.446,ROG,Roggwil-Wynau,8101,8508101
450,46.362,RTR,Rothrist,8103,8508103
441,0.05,LTH,Langenthal,8100,8508100
430,18.766,KF,Konolfingen,8202,8508202
418,66.621,HB,Herzogenbuchsee,8008,8508008
415,95.687,BUER,Buren an der Aare,221,8500221
415,80.342,SO,Solothurn,207,8500207
410,76.752,BELL,Bellach,205,8500205
410,99.314,BI,Biel/Bienne,4300,8504300
410,47.754,HRK,Harkingen Post,232,8500232
410,56.638,OEN,Oensingen,212,8500212
410,39.379,OL,Olten,218,8500218
410,73.843,SO,Solothurn,207,8500207
410,75.693,SOAD,Solothurn Allmend,18963,8518963
410,82.88,BET,Bettlach,203,8500203
410,94.019,BIBD,Biel/Bienne Bozingenfeld/Champ,18771,8518771
410,85.252,GS,Grenchen Sud,202,8500202
410,80.587,SEL,Selzach,204,8500204
299,137.101,TH,Thun,7100,8507100
290,108.855,BNWD,Bern Wankdorf,16161,8516161
290,114.069,GUE,Gumligen,7003,8507003
290,128.145,KI,Kiesen,7008,8507008
290,121.978,MS,Munsingen,7006,8507006
290,137.104,TH,Thun,7100,8507100
290,125.909,WCH,Wichtrach,7007,8507007
290,110.844,OST,Ostermundigen,7002,8507002
290,119.096,RUB,Rubigen,7005,8507005
290,131.047,UTI,Uttigen,7009,8507009
260,23.309,LY,Lyss,4414,8504414
260,15.763,SCUE,Schupfen,4412,8504412
260,28.313,STU,Studen BE,4441,8504441
260,10.176,MUEB,Munchenbuchsee,4411,8504411
260,19.953,SUB,Suberg-Grossaffoltern,4413,8504413
260,30.469,BGG,Brugg BE,4416,8504416
260,26.16,BUS,Busswil BE,4415,8504415
257,-0.026,FLM,Flamatt,4103,8504103
257,0.787,FLMD,Flamatt Dorf,4191,8504191
257,1.631,NGG,Neuenegg,4192,8504192
257,6.566,LPN,Laupen BE,4194,8504194
254,17.96,ROM,Romont FR,4023,8504023
253,46.25,GIV,Givisiez,4181,8504181
253,44.528,BF,Belfaux CFF,4139,8504139
253,40.136,GRO,Grolley,4138,8504138
252,18.003,EST,Estavayer-le-Lac,4132,8504132
252,8.88,YND,Yvonand,4130,8504130
252,12.7,CHS,Cheyres,4131,8504131
251,35.995,BZ,Bressonnaz,4019,8504019
251,66.236,DOM,Domdidier,4125,8504125
251,87.695,FRAE,Fraschels,4401,8504401
251,91.345,KAL,Kallnach,4402,8504402
251,43.486,LUC,Lucens,4121,8504121
251,38.012,MD,Moudon,4120,8504120
251,95.392,ABE,Aarberg,4404,8504404
251,93.93,BRG,Bargen BE,4403,8504403
251,30.619,ECU,Ecublens-Rue,4018,8504018
251,86.476,KZPP,Kerzers Papiliorama,16444,8516444
251,69.174,AV,Avenches,4126,8504126
251,58.432,PAY,Payerne,4134,8504134
251,60.806,CN,Corcelles-Nord,4123,8504123
251,50.356,GM,Granges-Marnand,4122,8504122
250,96.98,BN,Bern,7000,8507000
250,94.09,BNAS,Bern Europaplatz,4108,8504108
250,72.067,DUED,Dudingen,4101,8504101
250,84.136,FLM,Flamatt,4103,8504103
250,65.918,FRI,Fribourg/Freiburg,4100,8504100
250,8.374,GRV,Grandvaux,4011,8504011
250,91.067,NWA,Niederwangen,4105,8504105
250,2.43,PUN,Pully-Nord,4000,8504000
250,77.745,SCMI,Schmitten FR,4102,8504102
250,88.325,THO,Thorishaus Station,4104,8504104
250,44.979,VZ,Villaz-St-Pierre,4024,8504024
250,80.508,WUE,Wunnewil,4113,8504113
250,4.045,CVN,La Conversion,4010,8504010
250,89.35,OWA,Oberwangen,4117,8504117
250,57.497,ROS,Rose,4028,8504028
250,86.813,THOD,Thorishaus Dorf,4115,8504115
250,93.037,BNBS,Bern Bumpliz Sud,4106,8504106
250,12.18,PUI,Puidoux,4012,8504012
250,40.183,ROM,Romont FR,4023,8504023
240,93.369,BSC,Bassecourt,122,8500122
240,118.052,CTM,Courtemaiche,127,8500127
240,84.71,DMT,Delemont,109,8500109
240,96.302,GLO,Glovelier,123,8500123
240,123.418,BCT,Boncourt,128,8500128
240,121.483,BX,Buix,144,8500144
240,116.15,CCH,Courchavon,141,8500141
240,87.92,CTT,Courtetelle,120,8500120
230,112.953,AE,Aesch BL,117,8500117
230,100.548,LFN,Laufen,113,8500113
230,108.974,GREL,Grellingen,115,8500115
230,115.566,DOR,Dornach-Arlesheim,118,8500118
226,58.096,REC,Reconvilier,101,8500101
226,84.599,DMT,Delemont,109,8500109
225,39.198,FRIN,Frinvillier-Taubenloch,4301,8504301
225,62.457,STI,St-Imier,4310,8504310
225,43.79,LHE,La Heutte,4303,8504303
225,69.113,RE,Renan BE,4312,8504312
224,36.935,LOC,Le Locle,4316,8504316
224,29.392,CF,La Chaux-de-Fonds,4314,8504314
224,30.704,CFO,La Chaux-de-Fonds Les Forges,4321,8504321
224,16.95,GEC,Les Geneveys-sur-Coffrane,4236,8504236
224,21.027,HGV,Les Hauts-Geneveys,4237,8504237
223,10.37,CHN,Chambrelien,4234,8504234
223,3.195,DEU,Les Deurres,4231,8504231
223,4.391,CP,Corcelles-Peseux,4232,8504232
219,22.6,TR,Travers,4215,8504215
219,8.264,BOLE,Bole,4218,8504218
210,104.477,BI,Biel/Bienne,4300,8504300
210,27.238,CHV,Chavornay,1112,8501112
210,83.699,CORN,Cornaux NE,4223,8504223
210,20.554,ECL,Eclepens,1114,8501114
210,32.74,EP,Ependes VD,1110,8501110
210,75.256,NE,Neuchatel,4221,8504221
210,39.291,YV,Yverdon-les-Bains,4200,8504200
210,42.697,GRS,Grandson,4201,8504201
201,11.32,PT,Le Pont,1100,8501100
200,22.871,LSA,La Sarraz,1108,8501108
200,10.891,VU,Vufflens-la-Ville,1116,8501116
160,7.787,LT,Lausanne-Triage,1049,8501049
158,60.2,GE,Geneve,1008,8501008
153,65.433,CABA,Lancy-Bachet,17142,8517142
152,73.007,CHEB,Chene-Bourg,16274,8516274
152,69.073,CHHO,Geneve-Champel,16272,8516272
152,70.452,GEV,Geneve-Eaux-Vives,16273,8516273
152,65.547,CABA,Lancy-Bachet,17142,8517142
152,64.364,LAPR,Lancy-Pont-Rouge,16155,8516155
152,65.239,GEPR,Geneve-La-Praille,1009,8501009
151,74.739,LP,La Plaine,1001,8501001
151,69.414,SY,Satigny,1003,8501003
151,66.931,ZIM,Zimeysa,1000,8501000
151,66.119,VM,Meyrin,1006,8501006
151,72.722,RUS,Russin,1002,8501002
150,21.373,ALL,Allaman,1035,8501035
150,56.68,CHY,Chambesy,1020,8501020
150,47.03,COP,Coppet,1023,8501023
150,53.82,CRGD,Creux-de-Genthod,1012,8501012
150,54.818,GDBE,Genthod-Bellevue,1021,8501021
150,60.372,GE,Geneve,1008,8501008
150,66.115,GEAP,Geneve-Aeroport,1026,8501026
150,0.052,LS,Lausanne,1120,8501120
150,55.704,TUI,Les Tuileries,1011,8501011
150,10.174,LON,Lonay-Preverenges,1048,8501048
150,49.785,MIES,Mies,1014,8501014
150,38.612,NY,Nyon,1030,8501030
150,51.166,PTC,Pont-Ceard,1013,8501013
150,4.419,REN,Renens VD,1118,8501118
150,26.698,ROL,Rolle,1033,8501033
150,51.846,VSX,Versoix,1022,8501022
150,33.938,GLA,Gland,1031,8501031
150,16.88,STP,St-Prex,1036,8501036
111,0.794,VV,Vevey,1200,8501200
111,4.185,CHX,Chexbres-Village,4013,8504013
111,1.844,CORS,Corseaux-Cornalles,4040,8504040
111,0.871,VVFU,Vevey-Funi,4015,8504015
107,145.512,BR,Brig,1609,8501609
100,47.504,BEX,Bex,1402,8501402
100,145.512,BR,Brig,1609,8501609
100,19.867,TOUR,La Tour-de-Peilz,1201,8501201
100,0.04,LS,Lausanne,1120,8501120
100,117.722,LK,Leuk,1601,8501601
100,66.448,MA,Martigny,1500,8501500
100,108.336,SIE,Sierre/Siders,1509,8501509
100,92.273,SIO,Sion,1506,8501506
100,61.488,VERN,Vernayaz,1405,8501405
100,82.14,CHA,Chamoson-St-Pierre-de-Clages,1504,8501504
100,8.58,CU,Cully,1124,8501124
100,51.714,SM,St-Maurice,1403,8501403
100,29.392,VIL,Villeneuve VD,1303,8501303
100,136.628,VI,Visp,1605,8501605
100,24.56,MX,Montreux,1300,8501300
100,18.331,VV,Vevey,1200,8501200
100,88.155,CHF,Chateauneuf-Conthey,1510,8501510
